Price,Close,Target
Ticker,AAPL,
Date,,
2020-01-02,72.53851318359375,0
2020-01-03,71.83329010009766,1
2020-01-06,72.4056625366211,0
2020-01-07,72.06512451171875,1
2020-01-08,73.22441864013672,1
2020-01-09,74.77975463867188,1
2020-01-10,74.94881439208984,1
2020-01-13,76.55005645751953,0
2020-01-14,75.51634979248047,0
2020-01-15,75.19276428222656,1
2020-01-16,76.13465881347656,1
2020-01-17,76.9775390625,0
2020-01-21,76.45584869384766,1
2020-01-22,76.72877502441406,1
2020-01-23,77.09827423095703,0
2020-01-24,76.87609100341797,0
2020-01-27,74.61553192138672,1
2020-01-28,76.7263412475586,1
2020-01-29,78.33240509033203,0
2020-01-30,78.2188949584961,0
2020-01-31,74.75076293945312,0
2020-02-03,74.54550170898438,1
2020-02-04,77.00651550292969,1
2020-02-05,77.63444519042969,1
2020-02-06,78.54252624511719,0
2020-02-07,77.47492980957031,1
2020-02-10,77.84290313720703,0
2020-02-11,77.37324523925781,1
2020-02-12,79.210693359375,0
2020-02-13,78.6466293334961,1
2020-02-14,78.666015625,0
2020-02-18,77.22560119628906,1
2020-02-19,78.34400177001953,0
2020-02-20,77.54029083251953,0
2020-02-21,75.78517150878906,0
2020-02-24,72.18534851074219,0
2020-02-25,69.74024963378906,1
2020-02-26,70.84660339355469,0
2020-02-27,66.21548461914062,0
2020-02-28,66.1767349243164,1
2020-03-02,72.33784484863281,0
2020-03-03,70.04048156738281,1
2020-03-04,73.28924560546875,0
2020-03-05,70.91197204589844,0
2020-03-06,69.97024536132812,0
2020-03-09,64.43616485595703,1
2020-03-10,69.07695770263672,0
2020-03-11,66.67787170410156,0
2020-03-12,60.09312057495117,1
2020-03-13,67.29277801513672,0
2020-03-16,58.63576889038086,1
2020-03-17,61.2139778137207,0
2020-03-18,59.7154655456543,0
2020-03-19,59.25791549682617,0
2020-03-20,55.495906829833984,0
2020-03-23,54.31694030761719,1
2020-03-24,59.76630783081055,0
2020-03-25,59.437068939208984,1
2020-03-26,62.5648307800293,0
2020-03-27,59.97450256347656,1
2020-03-30,61.68605041503906,0
2020-03-31,61.56016159057617,0
2020-04-01,58.32105255126953,1
2020-04-02,59.294227600097656,0
2020-04-03,58.44209671020508,1
2020-04-06,63.540428161621094,0
2020-04-07,62.804500579833984,1
2020-04-08,64.41195678710938,1
2020-04-09,64.87674713134766,1
2020-04-13,66.15010833740234,1
2020-04-14,69.49092864990234,0
2020-04-15,68.85664367675781,1
2020-04-16,69.40377044677734,0
2020-04-17,68.46205139160156,0
2020-04-20,67.0409927368164,0
2020-04-21,64.96875,1
2020-04-22,66.84005737304688,0
2020-04-23,66.58104705810547,1
2020-04-24,68.50321197509766,1
2020-04-27,68.55162048339844,0
2020-04-28,67.44043731689453,1
2020-04-29,69.65554809570312,1
2020-04-30,71.125,0
2020-05-01,69.97992706298828,1
2020-05-04,70.97008514404297,1
2020-05-05,72.03524780273438,1
2020-05-06,72.77847290039062,1
2020-05-07,73.53134155273438,1
2020-05-08,75.28152465820312,1
2020-05-11,76.46609497070312,0
2020-05-12,75.59221649169922,0
2020-05-13,74.67948913574219,1
2020-05-14,75.13831329345703,0
2020-05-15,74.6940689086914,1
2020-05-18,76.45394134521484,0
2020-05-19,76.01216888427734,1
2020-05-20,77.49047088623047,0
2020-05-21,76.91275024414062,1
2020-05-22,77.40792846679688,0
2020-05-26,76.88360595703125,1
2020-05-27,77.21858215332031,1
2020-05-28,77.25257110595703,0
2020-05-29,77.17731475830078,1
2020-06-01,78.12645721435547,1
2020-06-02,78.48812866210938,1
2020-06-03,78.92021179199219,0
2020-06-04,78.24051666259766,1
2020-06-05,80.46890258789062,1
2020-06-08,80.94466400146484,1
2020-06-09,83.50072479248047,1
2020-06-10,85.64900970458984,0
2020-06-11,81.53695678710938,1
2020-06-12,82.24092102050781,1
2020-06-15,83.25798034667969,1
2020-06-16,85.46452331542969,0
2020-06-17,85.34557342529297,1
2020-06-18,85.37958526611328,0
2020-06-19,84.89167022705078,1
2020-06-22,87.11273956298828,1
2020-06-23,88.97213745117188,0
2020-06-24,87.4015884399414,1
2020-06-25,88.56190490722656,0
2020-06-26,85.84076690673828,1
2020-06-29,87.81914520263672,1
2020-06-30,88.55221557617188,0
2020-07-01,88.38469696044922,0
2020-07-02,88.38469696044922,1
2020-07-06,90.7490234375,0
2020-07-07,90.46743774414062,1
2020-07-08,92.57443237304688,1
2020-07-09,92.97252655029297,1
2020-07-10,93.13516998291016,0
2020-07-13,92.70550537109375,1
2020-07-14,94.23963928222656,1
2020-07-15,94.88777923583984,0
2020-07-16,93.72017669677734,0
2020-07-17,93.53084564208984,1
2020-07-20,95.50189208984375,0
2020-07-21,94.18379974365234,1
2020-07-22,94.44839477539062,0
2020-07-23,90.14945220947266,0
2020-07-24,89.92610931396484,1
2020-07-27,92.05738830566406,0
2020-07-28,90.54509735107422,1
2020-07-29,92.28070068359375,1
2020-07-30,93.3973388671875,1
2020-07-31,103.17498779296875,1
2020-08-03,105.77472686767578,1
2020-08-04,106.48109436035156,1
2020-08-05,106.86707305908203,1
2020-08-06,110.5955810546875,0
2020-08-07,108.08108520507812,1
2020-08-10,109.65206146240234,0
2020-08-11,106.39099884033203,1
2020-08-12,109.92684173583984,1
2020-08-13,111.87228393554688,0
2020-08-14,111.77255249023438,0
2020-08-17,111.48074340820312,1
2020-08-18,112.40969848632812,1
2020-08-19,112.55076599121094,1
2020-08-20,115.04821014404297,1
2020-08-21,120.9769058227539,1
2020-08-24,122.423828125,0
2020-08-25,121.41948699951172,1
2020-08-26,123.07068634033203,0
2020-08-27,121.59944152832031,0
2020-08-28,121.40248107910156,1
2020-08-31,125.51949310302734,1
2020-09-01,130.51927185058594,0
2020-09-02,127.81510162353516,0
2020-09-03,117.58213806152344,1
2020-09-04,117.65996551513672,0
2020-09-08,109.74201202392578,1
2020-09-09,114.11925506591797,0
2020-09-10,110.39373779296875,0
2020-09-11,108.94438171386719,1
2020-09-14,112.21272277832031,1
2020-09-15,112.38780212402344,0
2020-09-16,109.07086181640625,0
2020-09-17,107.32966613769531,0
2020-09-18,103.92518615722656,1
2020-09-21,107.07676696777344,1
2020-09-22,108.75957489013672,0
2020-09-23,104.19752502441406,1
2020-09-24,105.26752471923828,1
2020-09-25,109.21674346923828,1
2020-09-28,111.82363891601562,0
2020-09-29,110.97735595703125,1
2020-09-30,112.65043640136719,1
2020-10-01,113.60370635986328,0
2020-10-02,109.93656921386719,1
2020-10-05,113.32161712646484,0
2020-10-06,110.07275390625,1
2020-10-07,111.94036102294922,0
2020-10-08,111.83336639404297,1
2020-10-09,113.77879333496094,1
2020-10-12,121.00609588623047,0
2020-10-13,117.7961196899414,1
2020-10-14,117.88368225097656,0
2020-10-15,117.41675567626953,0
2020-10-16,115.77287292480469,0
2020-10-19,112.81580352783203,1
2020-10-20,114.30406951904297,0
2020-10-21,113.68152618408203,0
2020-10-22,112.59207153320312,0
2020-10-23,111.90145111083984,1
2020-10-26,111.91118621826172,1
2020-10-27,113.41889190673828,0
2020-10-28,108.16622161865234,1
2020-10-29,112.173828125,0
2020-10-30,105.89006805419922,0
2020-11-02,105.8025131225586,1
2020-11-03,107.42695617675781,1
2020-11-04,111.81391143798828,1
2020-11-05,115.78260040283203,0
2020-11-06,115.65106201171875,0
2020-11-09,113.34174346923828,0
2020-11-10,113.0007095336914,1
2020-11-11,116.43058013916016,0
2020-11-12,116.1577377319336,1
2020-11-13,116.20647430419922,1
2020-11-16,117.21984100341797,0
2020-11-17,116.3331527709961,0
2020-11-18,115.00794982910156,1
2020-11-19,115.60234069824219,0
2020-11-20,114.33563995361328,0
2020-11-23,110.93497467041016,1
2020-11-24,112.22119903564453,1
2020-11-25,113.05916595458984,1
2020-11-27,113.60482788085938,1
2020-11-30,116.00184631347656,1
2020-12-01,119.5778579711914,1
2020-12-02,119.92866516113281,0
2020-12-03,119.79224395751953,0
2020-12-04,119.11992645263672,1
2020-12-07,120.58149719238281,1
2020-12-08,121.19536590576172,0
2020-12-09,118.66193389892578,1
2020-12-10,120.0845718383789,0
2020-12-11,119.27581024169922,0
2020-12-14,118.66193389892578,1
2020-12-15,124.60575866699219,0
2020-12-16,124.53755187988281,1
2020-12-17,125.40475463867188,0
2020-12-18,123.41698455810547,1
2020-12-21,124.9468002319336,1
2020-12-22,128.5033721923828,0
2020-12-23,127.6069107055664,1
2020-12-24,128.59103393554688,1
2020-12-28,133.190185546875,0
2020-12-29,131.41673278808594,0
2020-12-30,130.2962188720703,0
2020-12-31,129.2926025390625,0
2021-01-04,126.09657287597656,1
2021-01-05,127.65560913085938,0
2021-01-06,123.35852813720703,1
2021-01-07,127.56793975830078,1
2021-01-08,128.66897583007812,0
2021-01-11,125.67758178710938,0
2021-01-12,125.50221252441406,1
2021-01-13,127.53868103027344,0
2021-01-14,125.609375,0
2021-01-15,123.88471221923828,1
2021-01-19,124.55703735351562,1
2021-01-20,128.6494903564453,1
2021-01-21,133.3655548095703,1
2021-01-22,135.50924682617188,1
2021-01-25,139.26063537597656,1
2021-01-26,139.49453735351562,0
2021-01-27,138.42266845703125,0
2021-01-28,133.57992553710938,0
2021-01-29,128.58128356933594,1
2021-02-01,130.70545959472656,1
2021-02-02,131.53372192382812,0
2021-02-03,130.5106201171875,1
2021-02-04,133.87222290039062,0
2021-02-05,133.45750427246094,1
2021-02-08,133.6038818359375,0
2021-02-09,132.7256317138672,0
2021-02-10,132.12062072753906,0
2021-02-11,131.8668975830078,1
2021-02-12,132.10110473632812,0
2021-02-16,129.9737091064453,0
2021-02-17,127.68047332763672,0
2021-02-18,126.57775115966797,1
2021-02-19,126.73390197753906,0
2021-02-22,122.95734405517578,0
2021-02-23,122.82073974609375,0
2021-02-24,122.32305145263672,0
2021-02-25,118.06832885742188,1
2021-02-26,118.33182525634766,1
2021-03-01,124.70413208007812,0
2021-03-02,122.09858703613281,0
2021-03-03,119.11249542236328,0
2021-03-04,117.22909545898438,1
2021-03-05,118.48795318603516,0
2021-03-08,113.55012512207031,1
2021-03-09,118.16592407226562,0
2021-03-10,117.08274841308594,1
2021-03-11,119.0149154663086,0
2021-03-12,118.10736083984375,1
2021-03-15,120.99589538574219,1
2021-03-16,122.53775787353516,0
2021-03-17,121.74730682373047,0
2021-03-18,117.61944580078125,0
2021-03-19,117.09248352050781,1
2021-03-22,120.41038513183594,0
2021-03-23,119.5809097290039,0
2021-03-24,117.19005584716797,1
2021-03-25,117.6780014038086,1
2021-03-26,118.28304290771484,1
2021-03-29,118.45867919921875,0
2021-03-30,117.0046615600586,1
2021-03-31,119.2003173828125,1
2021-04-01,120.02980041503906,1
2021-04-05,122.85977172851562,1
2021-04-06,123.16229248046875,1
2021-04-07,124.81147003173828,1
2021-04-08,127.21208190917969,1
2021-04-09,129.788330078125,0
2021-04-12,128.0708465576172,1
2021-04-13,131.1837921142578,0
2021-04-14,128.84173583984375,1
2021-04-15,131.2521209716797,0
2021-04-16,130.92031860351562,1
2021-04-19,131.5839080810547,0
2021-04-20,129.89566040039062,1
2021-04-21,130.27622985839844,0
2021-04-22,128.75392150878906,1
2021-04-23,131.07644653320312,1
2021-04-26,131.46681213378906,0
2021-04-27,131.14476013183594,0
2021-04-28,130.35433959960938,0
2021-04-29,130.25672912597656,0
2021-04-30,128.28550720214844,1
2021-05-03,129.3394317626953,0
2021-05-04,124.76266479492188,1
2021-05-05,125.00664520263672,1
2021-05-06,126.60704803466797,1
2021-05-07,127.28150939941406,0
2021-05-10,123.99708557128906,0
2021-05-11,123.07821655273438,0
2021-05-12,120.00886535644531,1
2021-05-13,122.15937042236328,1
2021-05-14,124.58358001708984,0
2021-05-17,123.43013763427734,0
2021-05-18,122.04206085205078,0
2021-05-19,121.88565063476562,1
2021-05-20,124.44673919677734,0
2021-05-21,122.6090087890625,1
2021-05-24,124.24147033691406,0
2021-05-25,124.04596710205078,0
2021-05-26,123.99708557128906,0
2021-05-27,122.46239471435547,0
2021-05-28,121.80745697021484,0
2021-06-01,121.48487854003906,1
2021-06-02,122.24736022949219,0
2021-06-03,120.76153564453125,1
2021-06-04,123.05867767333984,1
2021-06-07,123.0684585571289,1
2021-06-08,123.88955688476562,1
2021-06-09,124.27079772949219,0
2021-06-10,123.27371215820312,1
2021-06-11,124.48583984375,1
2021-06-14,127.54547119140625,0
2021-06-15,126.72431945800781,1
2021-06-16,127.22289276123047,1
2021-06-17,128.82594299316406,0
2021-06-18,127.52587890625,1
2021-06-21,129.3245086669922,1
2021-06-22,130.9667510986328,0
2021-06-23,130.69302368164062,0
2021-06-24,130.40956115722656,0
2021-06-25,130.11630249023438,1
2021-06-28,131.74874877929688,1
2021-06-29,133.2638702392578,1
2021-06-30,133.87969970703125,1
2021-07-01,134.18272399902344,1
2021-07-02,136.81224060058594,1
2021-07-06,138.82591247558594,1
2021-07-07,141.31857299804688,0
2021-07-08,140.01846313476562,1
2021-07-09,141.84640502929688,0
2021-07-12,141.25013732910156,1
2021-07-13,142.364501953125,1
2021-07-14,145.79556274414062,0
2021-07-15,145.140625,0
2021-07-16,143.09764099121094,0
2021-07-19,139.2462615966797,1
2021-07-20,142.863037109375,0
2021-07-21,142.1298828125,1
2021-07-22,143.4984130859375,1
2021-07-23,145.21884155273438,1
2021-07-26,145.63917541503906,0
2021-07-27,143.4691162109375,0
2021-07-28,141.71932983398438,1
2021-07-29,142.364501953125,1
2021-07-30,142.57952880859375,0
2021-08-02,142.24720764160156,1
2021-08-03,144.04579162597656,0
2021-08-04,143.64505004882812,1
2021-08-05,143.75254821777344,0
2021-08-06,143.06729125976562,0
2021-08-09,143.01834106445312,0
2021-08-10,142.53863525390625,1
2021-08-11,142.79315185546875,1
2021-08-12,145.7594757080078,1
2021-08-13,145.9650421142578,1
2021-08-16,147.9425506591797,0
2021-08-17,147.0321044921875,0
2021-08-18,143.2826690673828,1
2021-08-19,143.61550903320312,1
2021-08-20,145.0741729736328,1
2021-08-23,146.56219482421875,0
2021-08-24,146.47409057617188,0
2021-08-25,145.2406005859375,0
2021-08-26,144.43783569335938,1
2021-08-27,145.47555541992188,1
2021-08-30,149.90048217773438,0
2021-08-31,148.63763427734375,1
2021-09-01,149.30328369140625,1
2021-09-02,150.41937255859375,1
2021-09-03,151.0557403564453,1
2021-09-07,153.39544677734375,0
2021-09-08,151.8486785888672,0
2021-09-09,150.83055114746094,0
2021-09-10,145.83779907226562,1
2021-09-13,146.40557861328125,0
2021-09-14,145.0056610107422,1
2021-09-15,145.89649963378906,0
2021-09-16,145.66156005859375,0
2021-09-17,142.9889678955078,0
2021-09-20,139.9345703125,1
2021-09-21,140.4142608642578,1
2021-09-22,142.78338623046875,1
2021-09-23,143.74276733398438,1
2021-09-24,143.83087158203125,0
2021-09-27,142.31346130371094,0
2021-09-28,138.92620849609375,1
2021-09-29,139.826904296875,0
2021-09-30,138.52484130859375,1
2021-10-01,139.6506805419922,0
2021-10-04,136.21446228027344,1
2021-10-05,138.14303588867188,1
2021-10-06,139.0143585205078,1
2021-10-07,140.27719116210938,0
2021-10-08,139.8953857421875,0
2021-10-11,139.80728149414062,0
2021-10-12,138.53460693359375,0
2021-10-13,137.947265625,1
2021-10-14,140.73731994628906,1
2021-10-15,141.79461669921875,1
2021-10-18,143.46865844726562,1
2021-10-19,145.63221740722656,1
2021-10-20,146.12164306640625,1
2021-10-21,146.33706665039062,0
2021-10-22,145.56365966796875,0
2021-10-25,145.51470947265625,1
2021-10-26,146.18038940429688,0
2021-10-27,145.72030639648438,1
2021-10-28,149.36209106445312,0
2021-10-29,146.65036010742188,0
2021-11-01,145.82803344726562,1
2021-11-02,146.86570739746094,1
2021-11-03,148.30482482910156,0
2021-11-04,147.7859344482422,1
2021-11-05,148.31536865234375,0
2021-11-08,147.49180603027344,1
2021-11-09,147.85455322265625,0
2021-11-10,145.0211944580078,0
2021-11-11,144.97219848632812,1
2021-11-12,147.05064392089844,1
2021-11-15,147.0604248046875,1
2021-11-16,148.04086303710938,1
2021-11-17,150.48202514648438,1
2021-11-18,154.7761993408203,1
2021-11-19,157.40370178222656,1
2021-11-22,157.864501953125,1
2021-11-23,158.24685668945312,1
2021-11-24,158.76646423339844,0
2021-11-26,153.7369842529297,1
2021-11-29,157.0997772216797,1
2021-11-30,162.0606231689453,0
2021-12-01,161.54098510742188,0
2021-12-02,160.55078125,0
2021-12-03,158.6684112548828,1
2021-12-06,162.0802001953125,1
2021-12-07,167.8253631591797,1
2021-12-08,171.64894104003906,0
2021-12-09,171.13912963867188,1
2021-12-10,175.9332733154297,0
2021-12-13,172.2960205078125,0
2021-12-14,170.91363525390625,1
2021-12-15,175.78623962402344,0
2021-12-16,168.88418579101562,0
2021-12-17,167.7861785888672,0
2021-12-20,166.42340087890625,1
2021-12-21,169.59988403320312,1
2021-12-22,172.1979217529297,1
2021-12-23,172.82542419433594,1
2021-12-27,176.7960662841797,0
2021-12-28,175.7764129638672,1
2021-12-29,175.86468505859375,0
2021-12-30,174.7078094482422,0
2021-12-31,174.09014892578125,1
2022-01-03,178.44314575195312,0
2022-01-04,176.17840576171875,0
2022-01-05,171.4921112060547,0
2022-01-06,168.62930297851562,1
2022-01-07,168.7959747314453,1
2022-01-10,168.81558227539062,1
2022-01-11,171.64894104003906,1
2022-01-12,172.0901336669922,0
2022-01-13,168.81558227539062,1
2022-01-14,169.67832946777344,0
2022-01-18,166.47244262695312,0
2022-01-19,162.9723663330078,0
2022-01-20,161.28607177734375,0
2022-01-21,159.22727966308594,0
2022-01-24,158.45272827148438,0
2022-01-25,156.64877319335938,0
2022-01-26,156.56053161621094,0
2022-01-27,156.09974670410156,1
2022-01-28,166.9920196533203,1
2022-01-31,171.35482788085938,0
2022-02-01,171.1881561279297,1
2022-02-02,172.39401245117188,0
2022-02-03,169.51165771484375,0
2022-02-04,169.22698974609375,0
2022-02-07,168.51036071777344,1
2022-02-08,171.62220764160156,1
2022-02-09,173.04559326171875,0
2022-02-10,168.96192932128906,0
2022-02-11,165.54580688476562,1
2022-02-14,165.78140258789062,1
2022-02-15,169.61962890625,0
2022-02-16,169.38406372070312,0
2022-02-17,165.78140258789062,0
2022-02-18,164.23036193847656,0
2022-02-22,161.3050537109375,0
2022-02-23,157.13302612304688,1
2022-02-24,159.75404357910156,1
2022-02-25,161.82533264160156,1
2022-02-28,162.09036254882812,0
2022-03-01,160.20562744140625,1
2022-03-02,163.50393676757812,0
2022-03-03,163.1799774169922,0
2022-03-04,160.17613220214844,0
2022-03-07,156.37718200683594,0
2022-03-08,154.55130004882812,1
2022-03-09,159.96017456054688,0
2022-03-10,155.61148071289062,0
2022-03-11,151.89102172851562,0
2022-03-14,147.85643005371094,1
2022-03-15,152.24441528320312,1
2022-03-16,156.6618194580078,1
2022-03-17,157.6729736328125,1
2022-03-18,160.97129821777344,1
2022-03-21,162.34561157226562,1
2022-03-22,165.7224884033203,1
2022-03-23,167.0869903564453,1
2022-03-24,170.87620544433594,1
2022-03-25,171.51426696777344,1
2022-03-28,172.37811279296875,1
2022-03-29,175.67645263671875,0
2022-03-30,174.50831604003906,0
2022-03-31,171.40628051757812,0
2022-04-01,171.11178588867188,1
2022-04-04,175.16600036621094,0
2022-04-05,171.84800720214844,0
2022-04-06,168.67724609375,1
2022-04-07,168.9815673828125,0
2022-04-08,166.96917724609375,0
2022-04-11,162.70884704589844,1
2022-04-12,164.58377075195312,1
2022-04-13,167.27349853515625,0
2022-04-14,162.2572479248047,0
2022-04-18,162.0413055419922,1
2022-04-19,164.3285369873047,0
2022-04-20,164.16165161132812,0
2022-04-21,163.36651611328125,0
2022-04-22,158.8214874267578,1
2022-04-25,159.8914794921875,0
2022-04-26,153.92303466796875,0
2022-04-27,153.69728088378906,1
2022-04-28,160.6375274658203,0
2022-04-29,154.7574462890625,1
2022-05-02,155.0617218017578,1
2022-05-03,156.55384826660156,1
2022-05-04,162.97384643554688,0
2022-05-05,153.89358520507812,1
2022-05-06,154.62107849121094,0
2022-05-09,149.48931884765625,1
2022-05-10,151.8978729248047,0
2022-05-11,144.02330017089844,0
2022-05-12,140.14990234375,1
2022-05-13,144.6230010986328,0
2022-05-16,143.0795440673828,1
2022-05-17,146.7169952392578,0
2022-05-18,138.43934631347656,0
2022-05-19,135.02798461914062,1
2022-05-20,135.26393127441406,1
2022-05-23,140.69064331054688,0
2022-05-24,137.98712158203125,1
2022-05-25,138.14442443847656,1
2022-05-26,141.34930419921875,1
2022-05-27,147.1102294921875,0
2022-05-31,146.32373046875,0
2022-06-01,146.19593811035156,1
2022-06-02,148.65370178222656,0
2022-06-03,142.92227172851562,1
2022-06-06,143.66941833496094,1
2022-06-07,146.19593811035156,0
2022-06-08,145.45864868164062,0
2022-06-09,140.2285614013672,0
2022-06-10,134.81173706054688,0
2022-06-13,129.65048217773438,1
2022-06-14,130.5155792236328,1
2022-06-15,133.1404571533203,0
2022-06-16,127.86124420166016,1
2022-06-17,129.33587646484375,1
2022-06-21,133.5730438232422,0
2022-06-22,133.06182861328125,1
2022-06-23,135.93246459960938,1
2022-06-24,139.26512145996094,0
2022-06-27,139.26512145996094,0
2022-06-28,135.116455078125,1
2022-06-29,136.87619018554688,0
2022-06-30,134.40867614746094,1
2022-07-01,136.581298828125,1
2022-07-05,139.16683959960938,1
2022-07-06,140.50384521484375,1
2022-07-07,143.87586975097656,1
2022-07-08,144.55418395996094,0
2022-07-11,142.42086791992188,1
2022-07-12,143.39413452148438,0
2022-07-13,143.0303955078125,1
2022-07-14,145.9600067138672,1
2022-07-15,147.63124084472656,0
2022-07-18,144.58370971679688,1
2022-07-19,148.44725036621094,1
2022-07-20,150.45274353027344,1
2022-07-21,152.7237091064453,0
2022-07-22,151.4849853515625,0
2022-07-25,150.3642578125,0
2022-07-26,149.03713989257812,1
2022-07-27,154.13938903808594,1
2022-07-28,154.68991088867188,1
2022-07-29,159.7626495361328,0
2022-08-01,158.77955627441406,0
2022-08-02,157.30491638183594,1
2022-08-03,163.32147216796875,0
2022-08-04,163.0068359375,0
2022-08-05,162.7804412841797,0
2022-08-08,162.3079071044922,1
2022-08-09,162.35711669921875,1
2022-08-10,166.6099853515625,0
2022-08-11,165.8716278076172,1
2022-08-12,169.42555236816406,1
2022-08-15,170.4985809326172,0
2022-08-16,170.341064453125,1
2022-08-17,171.8374786376953,0
2022-08-18,171.4436798095703,0
2022-08-19,168.85455322265625,0
2022-08-22,164.9659423828125,0
2022-08-23,164.6312255859375,1
2022-08-24,164.92654418945312,1
2022-08-25,167.38771057128906,0
2022-08-26,161.07730102539062,0
2022-08-29,158.8721160888672,0
2022-08-30,156.44052124023438,0
2022-08-31,154.7767791748047,1
2022-09-01,155.50527954101562,0
2022-09-02,153.3887176513672,0
2022-09-06,152.12857055664062,1
2022-09-07,153.536376953125,0
2022-09-08,152.0596923828125,1
2022-09-09,154.92445373535156,1
2022-09-12,160.89027404785156,0
2022-09-13,151.4492950439453,1
2022-09-14,152.8964385986328,0
2022-09-15,150.00216674804688,0
2022-09-16,148.35809326171875,1
2022-09-19,152.07936096191406,1
2022-09-20,154.46176147460938,0
2022-09-21,151.3311767578125,0
2022-09-22,150.36639404296875,0
2022-09-23,148.09226989746094,1
2022-09-26,148.42703247070312,1
2022-09-27,149.40162658691406,0
2022-09-28,147.51148986816406,0
2022-09-29,140.2658233642578,0
2022-09-30,136.0523681640625,1
2022-10-03,140.2362823486328,1
2022-10-04,143.82960510253906,1
2022-10-05,144.12489318847656,0
2022-10-06,143.16998291015625,0
2022-10-07,137.9130096435547,1
2022-10-10,138.2378692626953,0
2022-10-11,136.8202362060547,0
2022-10-12,136.190185546875,1
2022-10-13,140.76791381835938,0
2022-10-14,136.2295684814453,1
2022-10-17,140.1969451904297,1
2022-10-18,141.51609802246094,1
2022-10-19,141.62440490722656,0
2022-10-20,141.16171264648438,1
2022-10-21,144.98141479492188,1
2022-10-24,147.12750244140625,1
2022-10-25,149.9726104736328,0
2022-10-26,147.02911376953125,0
2022-10-27,142.5498046875,1
2022-10-28,153.31979370117188,0
2022-10-31,150.95706176757812,0
2022-11-01,148.3088836669922,0
2022-11-02,142.77621459960938,0
2022-11-03,136.7218017578125,0
2022-11-04,136.45555114746094,1
2022-11-07,136.98800659179688,1
2022-11-08,137.55996704101562,0
2022-11-09,132.9943389892578,1
2022-11-10,144.82745361328125,1
2022-11-11,147.6181182861328,0
2022-11-14,146.21786499023438,1
2022-11-15,147.95338439941406,0
2022-11-16,146.7207794189453,1
2022-11-17,148.62393188476562,1
2022-11-18,149.18600463867188,0
2022-11-21,145.95162963867188,1
2022-11-22,148.0914306640625,1
2022-11-23,148.96905517578125,0
2022-11-25,146.0502166748047,0
2022-11-28,142.21434020996094,0
2022-11-29,139.2067413330078,1
2022-11-30,145.97134399414062,1
2022-12-01,146.24746704101562,0
2022-12-02,145.75439453125,0
2022-12-05,144.59080505371094,0
2022-12-06,140.9225311279297,0
2022-12-07,138.97994995117188,1
2022-12-08,140.6661376953125,0
2022-12-09,140.18296813964844,1
2022-12-12,142.48057556152344,1
2022-12-13,143.44696044921875,0
2022-12-14,141.2183837890625,0
2022-12-15,134.6016845703125,0
2022-12-16,132.63937377929688,0
2022-12-19,130.52911376953125,0
2022-12-20,130.46009826660156,1
2022-12-21,133.56629943847656,0
2022-12-22,130.39109802246094,0
2022-12-23,130.02621459960938,0
2022-12-27,128.22164916992188,0
2022-12-28,124.28714752197266,1
2022-12-29,127.8074951171875,1
2022-12-30,128.12303161621094,0
2023-01-03,123.33065032958984,1
2023-01-04,124.60270690917969,0
2023-01-05,123.28133392333984,1
2023-01-06,127.81736755371094,1
2023-01-09,128.33999633789062,1
2023-01-10,128.91192626953125,1
2023-01-11,131.633544921875,0
2023-01-12,131.55467224121094,1
2023-01-13,132.88589477539062,1
2023-01-17,134.0494842529297,0
2023-01-18,133.32962036132812,1
2023-01-19,133.3887939453125,1
2023-01-20,135.95262145996094,1
2023-01-23,139.14756774902344,1
2023-01-24,140.54782104492188,0
2023-01-25,139.88711547851562,1
2023-01-26,141.9579620361328,1
2023-01-27,143.90054321289062,0
2023-01-30,141.0113067626953,1
2023-01-31,142.28335571289062,1
2023-02-01,143.40748596191406,1
2023-02-02,148.7225341796875,1
2023-02-03,152.35134887695312,0
2023-02-06,149.619873046875,1
2023-02-07,152.499267578125,0
2023-02-08,149.8072509765625,0
2023-02-09,148.7718505859375,1
2023-02-10,149.13723754882812,1
2023-02-13,151.9420623779297,0
2023-02-14,151.3000946044922,1
2023-02-15,153.4036865234375,0
2023-02-16,151.8037872314453,0
2023-02-17,150.6581573486328,0
2023-02-21,146.6386260986328,1
2023-02-22,147.0633087158203,1
2023-02-23,147.5472412109375,0
2023-02-24,144.89059448242188,1
2023-02-27,146.08558654785156,0
2023-02-28,145.5819091796875,0
2023-03-01,143.50796508789062,1
2023-03-02,144.1005096435547,1
2023-03-03,149.1570281982422,1
2023-03-06,151.9222869873047,0
2023-03-07,149.71994018554688,1
2023-03-08,150.9741973876953,0
2023-03-09,148.7224578857422,0
2023-03-10,146.65838623046875,1
2023-03-13,148.6039581298828,1
2023-03-14,150.69766235351562,1
2023-03-15,151.09271240234375,1
2023-03-16,153.91725158691406,0
2023-03-17,153.07777404785156,1
2023-03-20,155.447998046875,1
2023-03-21,157.3046875,0
2023-03-22,155.8726806640625,1
2023-03-23,156.9590301513672,1
2023-03-24,158.26266479492188,0
2023-03-27,156.31710815429688,0
2023-03-28,155.69493103027344,1
2023-03-29,158.77621459960938,1
2023-03-30,160.34652709960938,1
2023-03-31,162.85501098632812,1
2023-04-03,164.10923767089844,0
2023-04-04,163.57598876953125,0
2023-04-05,161.72914123535156,1
2023-04-06,162.61798095703125,0
2023-04-10,160.02059936523438,0
2023-04-11,158.8058624267578,0
2023-04-12,158.11451721191406,1
2023-04-13,163.5068359375,0
2023-04-14,163.1611785888672,1
2023-04-17,163.18089294433594,1
2023-04-18,164.4055633544922,1
2023-04-19,165.5511474609375,0
2023-04-20,164.58328247070312,0
2023-04-21,162.97352600097656,1
2023-04-24,163.27964782714844,0
2023-04-25,161.73899841308594,0
2023-04-26,161.72914123535156,1
2023-04-27,166.3214874267578,1
2023-04-28,167.57569885253906,0
2023-05-01,167.48684692382812,0
2023-05-02,166.44985961914062,0
2023-05-03,165.3733673095703,0
2023-05-04,163.73394775390625,1
2023-05-05,171.41751098632812,0
2023-05-08,171.34835815429688,0
2023-05-09,169.6398162841797,1
2023-05-10,171.40762329101562,1
2023-05-11,171.5952606201172,0
2023-05-12,170.66561889648438,0
2023-05-15,170.171142578125,0
2023-05-16,170.171142578125,1
2023-05-17,170.7843017578125,1
2023-05-18,173.11827087402344,1
2023-05-19,173.22703552246094,0
2023-05-22,172.2776336669922,0
2023-05-23,169.66677856445312,1
2023-05-24,169.9436798095703,1
2023-05-25,171.0809783935547,1
2023-05-26,173.49407958984375,1
2023-05-30,175.34341430664062,0
2023-05-31,175.2939910888672,1
2023-06-01,178.10263061523438,1
2023-06-02,178.953125,0
2023-06-05,177.59825134277344,0
2023-06-06,177.2323760986328,0
2023-06-07,175.85769653320312,1
2023-06-08,178.57733154296875,1
2023-06-09,178.96304321289062,1
2023-06-12,181.76181030273438,0
2023-06-13,181.2870635986328,1
2023-06-14,181.92001342773438,1
2023-06-15,183.95729064941406,0
2023-06-16,182.8793487548828,1
2023-06-20,182.9683380126953,0
2023-06-21,181.929931640625,1
2023-06-22,184.93637084960938,0
2023-06-23,184.61990356445312,0
2023-06-26,183.22547912597656,1
2023-06-27,185.98468017578125,1
2023-06-28,187.1615447998047,1
2023-06-29,187.49778747558594,1
2023-06-30,191.8294677734375,0
2023-07-03,190.3361358642578,0
2023-07-05,189.21859741210938,1
2023-07-06,189.6932830810547,0
2023-07-07,188.57577514648438,0
2023-07-10,186.5286102294922,0
2023-07-11,186.0044403076172,1
2023-07-12,187.6758270263672,1
2023-07-13,188.4373016357422,1
2023-07-14,188.58567810058594,1
2023-07-17,191.8492431640625,0
2023-07-18,191.5920867919922,1
2023-07-19,192.94699096679688,0
2023-07-20,190.9987335205078,0
2023-07-21,189.82186889648438,1
2023-07-24,190.6229248046875,1
2023-07-25,191.4833221435547,1
2023-07-26,192.35362243652344,0
2023-07-27,191.0877227783203,1
2023-07-28,193.66896057128906,1
2023-07-31,194.28208923339844,0
2023-08-01,193.45135498046875,0
2023-08-02,190.4547882080078,0
2023-08-03,189.06036376953125,0
2023-08-04,179.98165893554688,0
2023-08-07,176.87631225585938,1
2023-08-08,177.8158416748047,0
2023-08-09,176.22361755371094,0
2023-08-10,176.00604248046875,1
2023-08-11,176.06546020507812,1
2023-08-14,177.71926879882812,0
2023-08-15,175.72874450683594,0
2023-08-16,174.85728454589844,0
2023-08-17,172.3122100830078,1
2023-08-18,172.79747009277344,1
2023-08-21,174.1343536376953,1
2023-08-22,175.51087951660156,1
2023-08-23,179.3631591796875,0
2023-08-24,174.6691436767578,1
2023-08-25,176.87750244140625,1
2023-08-28,178.44215393066406,1
2023-08-29,182.3340301513672,1
2023-08-30,185.8297882080078,1
2023-08-31,186.0476531982422,1
2023-09-01,187.62225341796875,1
2023-09-05,187.85992431640625,0
2023-09-06,181.13580322265625,0
2023-09-07,175.83766174316406,1
2023-09-08,176.45162963867188,1
2023-09-11,177.62022399902344,0
2023-09-12,174.58993530273438,0
2023-09-13,172.52017211914062,1
2023-09-14,174.03533935546875,0
2023-09-15,173.3124237060547,1
2023-09-18,176.2436981201172,1
2023-09-19,177.33302307128906,0
2023-09-20,173.7877655029297,0
2023-09-21,172.2428741455078,1
2023-09-22,173.09454345703125,1
2023-09-25,174.37205505371094,0
2023-09-26,170.29200744628906,0
2023-09-27,168.77684020996094,1
2023-09-28,169.03433227539062,1
2023-09-29,169.5492706298828,1
2023-10-02,172.0646209716797,0
2023-10-03,170.72772216796875,1
2023-10-04,171.9755096435547,1
2023-10-05,173.21339416503906,1
2023-10-06,175.7683563232422,1
2023-10-09,177.25379943847656,0
2023-10-10,176.6596221923828,1
2023-10-11,178.0559539794922,1
2023-10-12,178.95713806152344,0
2023-10-13,177.11517333984375,0
2023-10-16,176.9864044189453,0
2023-10-17,175.43165588378906,0
2023-10-18,174.1343536376953,0
2023-10-19,173.75804138183594,0
2023-10-20,171.20309448242188,1
2023-10-23,171.3218994140625,1
2023-10-24,171.75762939453125,0
2023-10-25,169.44033813476562,0
2023-10-26,165.27117919921875,1
2023-10-27,166.58827209472656,1
2023-10-30,168.63816833496094,1
2023-10-31,169.11355590820312,1
2023-11-01,172.28250122070312,1
2023-11-02,175.8475799560547,0
2023-11-03,174.9365234375,1
2023-11-06,177.49147033691406,1
2023-11-07,180.05636596679688,1
2023-11-08,181.11599731445312,0
2023-11-09,180.64065551757812,1
2023-11-10,184.8351287841797,0
2023-11-13,183.24856567382812,1
2023-11-14,185.86639404296875,1
2023-11-15,186.43162536621094,1
2023-11-16,188.11734008789062,0
2023-11-17,188.09750366210938,1
2023-11-20,189.8427276611328,0
2023-11-21,189.03952026367188,1
2023-11-22,189.7039031982422,0
2023-11-24,188.37513732910156,0
2023-11-27,188.19664001464844,1
2023-11-28,188.801513671875,0
2023-11-29,187.78016662597656,1
2023-11-30,188.35531616210938,1
2023-12-01,189.63450622558594,0
2023-12-04,187.8396759033203,1
2023-12-05,191.79617309570312,0
2023-12-06,190.70541381835938,1
2023-12-07,192.63905334472656,1
2023-12-08,194.0669708251953,0
2023-12-11,191.5581817626953,1
2023-12-12,193.07537841796875,1
2023-12-13,196.29808044433594,1
2023-12-14,196.44680786132812,0
2023-12-15,195.91134643554688,0
2023-12-18,194.24546813964844,1
2023-12-19,195.28663635253906,0
2023-12-20,193.19435119628906,0
2023-12-21,193.04559326171875,0
2023-12-22,191.97467041015625,0
2023-12-26,191.42930603027344,1
2023-12-27,191.52845764160156,1
2023-12-28,191.95486450195312,0
2023-12-29,190.9136505126953,0
2024-01-02,184.0814971923828,0
2024-01-03,182.70318603515625,0
2024-01-04,180.38282775878906,0
2024-01-05,179.658935546875,1
2024-01-08,184.00218200683594,0
2024-01-09,183.58570861816406,1
2024-01-10,184.6268768310547,0
2024-01-11,184.0319061279297,1
2024-01-12,184.35914611816406,0
2024-01-16,182.08836364746094,0
2024-01-17,181.14633178710938,1
2024-01-18,187.04640197753906,1
2024-01-19,189.95179748535156,1
2024-01-22,192.26223754882812,1
2024-01-23,193.54139709472656,0
2024-01-24,192.86712646484375,0
2024-01-25,192.53988647460938,0
2024-01-26,190.80458068847656,0
2024-01-29,190.12037658691406,0
2024-01-30,186.46133422851562,0
2024-01-31,182.85189819335938,1
2024-02-01,185.291259765625,0
2024-02-02,184.28973388671875,1
2024-02-05,186.1043701171875,1
2024-02-06,187.7107696533203,1
2024-02-07,187.81983947753906,0
2024-02-08,186.73899841308594,1
2024-02-09,187.50350952148438,0
2024-02-12,185.8156280517578,0
2024-02-13,183.72067260742188,0
2024-02-14,182.83702087402344,0
2024-02-15,182.54908752441406,0
2024-02-16,181.0101318359375,0
2024-02-20,180.26548767089844,1
2024-02-21,181.02008056640625,1
2024-02-22,183.055419921875,0
2024-02-23,181.21865844726562,0
2024-02-26,179.8683624267578,1
2024-02-27,181.32786560058594,0
2024-02-28,180.12649536132812,0
2024-02-29,179.46127319335938,0
2024-03-01,178.3790283203125,0
2024-03-04,173.85154724121094,0
2024-03-05,168.90704345703125,0
2024-03-06,167.9141845703125,0
2024-03-07,167.7950439453125,1
2024-03-08,169.51271057128906,1
2024-03-11,171.518310546875,1
2024-03-12,171.99485778808594,0
2024-03-13,169.9098663330078,1
2024-03-14,171.7665252685547,0
2024-03-15,171.38922119140625,1
2024-03-18,172.48138427734375,1
2024-03-19,174.8245849609375,1
2024-03-20,177.3960723876953,0
2024-03-21,170.14813232421875,1
2024-03-22,171.05165100097656,0
2024-03-25,169.63185119628906,0
2024-03-26,168.49996948242188,1
2024-03-27,172.07427978515625,0
2024-03-28,170.25735473632812,0
2024-04-01,168.8177032470703,0
2024-04-02,167.6361846923828,1
2024-04-03,168.44041442871094,0
2024-04-04,167.61634826660156,1
2024-04-05,168.3709259033203,0
2024-04-08,167.24896240234375,1
2024-04-09,168.46026611328125,0
2024-04-10,166.58372497558594,1
2024-04-11,173.79196166992188,1
2024-04-12,175.2912139892578,0
2024-04-15,171.458740234375,0
2024-04-16,168.17234802246094,0
2024-04-17,166.80218505859375,0
2024-04-18,165.84901428222656,0
2024-04-19,163.8235626220703,1
2024-04-22,164.65756225585938,1
2024-04-23,165.71002197265625,1
2024-04-24,167.8148956298828,1
2024-04-25,168.67869567871094,0
2024-04-26,168.0928955078125,1
2024-04-29,172.26296997070312,0
2024-04-30,169.11553955078125,0
2024-05-01,168.0928955078125,1
2024-05-02,171.79629516601562,1
2024-05-03,182.072509765625,0
2024-05-06,180.4144287109375,1
2024-05-07,181.09951782226562,1
2024-05-08,181.43707275390625,1
2024-05-09,183.25404357910156,0
2024-05-10,181.99136352539062,1
2024-05-13,185.20269775390625,1
2024-05-14,186.34603881835938,1
2024-05-15,188.622802734375,1
2024-05-16,188.7421112060547,1
2024-05-17,188.7719268798828,1
2024-05-20,189.93515014648438,1
2024-05-21,191.2375946044922,0
2024-05-22,189.7959747314453,0
2024-05-23,185.79922485351562,1
2024-05-24,188.88128662109375,1
2024-05-28,188.8912353515625,1
2024-05-29,189.1894989013672,1
2024-05-30,190.1837158203125,1
2024-05-31,191.13815307617188,1
2024-06-03,192.90786743164062,1
2024-06-04,193.2260284423828,1
2024-06-05,194.7372283935547,0
2024-06-06,193.3552703857422,1
2024-06-07,195.75132751464844,0
2024-06-10,192.0031280517578,1
2024-06-11,205.9519805908203,1
2024-06-12,211.8377685546875,1
2024-06-13,213.00099182128906,0
2024-06-14,211.26113891601562,1
2024-06-17,215.41696166992188,0
2024-06-18,213.05067443847656,0
2024-06-20,208.46734619140625,0
2024-06-21,206.29005432128906,1
2024-06-24,206.93626403808594,1
2024-06-25,207.8609161376953,1
2024-06-26,212.01670837402344,1
2024-06-27,212.86180114746094,0
2024-06-28,209.4019317626953,1
2024-07-01,215.49649047851562,1
2024-07-02,218.99612426757812,1
2024-07-03,220.26870727539062,1
2024-07-05,225.031005859375,1
2024-07-08,226.50247192382812,1
2024-07-09,227.3574676513672,1
2024-07-10,231.63259887695312,0
2024-07-11,226.25390625,1
2024-07-12,229.2067108154297,1
2024-07-15,233.04440307617188,1
2024-07-16,233.4619903564453,0
2024-07-17,227.55633544921875,0
2024-07-18,222.8834991455078,1
2024-07-19,223.01275634765625,0
2024-07-22,222.664794921875,1
2024-07-23,223.70870971679688,0
2024-07-24,217.276123046875,0
2024-07-25,216.23220825195312,1
2024-07-26,216.69947814941406,1
2024-07-29,216.9778594970703,1
2024-07-30,217.5346221923828,1
2024-07-31,220.795654296875,0
2024-08-01,217.09716796875,1
2024-08-02,218.58848571777344,0
2024-08-05,208.05975341796875,0
2024-08-06,206.03152465820312,1
2024-08-07,208.60655212402344,1
2024-08-08,212.07638549804688,1
2024-08-09,214.9894256591797,1
2024-08-12,216.5222930908203,1
2024-08-13,220.24497985839844,1
2024-08-14,220.69288635253906,1
2024-08-15,223.6790008544922,1
2024-08-16,225.00283813476562,0
2024-08-19,224.8435821533203,1
2024-08-20,225.460693359375,0
2024-08-21,225.35121154785156,0
2024-08-22,223.4898681640625,1
2024-08-23,225.78915405273438,1
2024-08-26,226.12759399414062,1
2024-08-27,226.97366333007812,0
2024-08-28,225.4407958984375,1
2024-08-29,228.72549438476562,0
2024-08-30,227.9391632080078,0
2024-09-03,221.738037109375,0
2024-09-04,219.82691955566406,1
2024-09-05,221.34983825683594,0
2024-09-06,219.7970733642578,1
2024-09-09,219.88665771484375,0
2024-09-10,219.09034729003906,1
2024-09-11,221.6285400390625,1
2024-09-12,221.738037109375,0
2024-09-13,221.46926879882812,0
2024-09-16,215.3179168701172,1
2024-09-17,215.7857208251953,1
2024-09-18,219.6676483154297,1
2024-09-19,227.80975341796875,0
2024-09-20,227.1428680419922,0
2024-09-23,225.4208984375,1
2024-09-24,226.31671142578125,0
2024-09-25,225.3213348388672,1
2024-09-26,226.4660186767578,1
2024-09-27,226.73477172851562,1
2024-09-30,231.92063903808594,0
2024-10-01,225.16209411621094,1
2024-10-02,225.7294464111328,0
2024-10-03,224.62457275390625,1
2024-10-04,225.74935913085938,0
2024-10-07,220.6630401611328,1
2024-10-08,224.72413635253906,1
2024-10-09,228.47665405273438,0
2024-10-10,227.97897338867188,0
2024-10-11,226.49588012695312,1
2024-10-14,230.228515625,1
2024-10-15,232.76670837402344,0
2024-10-16,230.70626831054688,1
2024-10-17,231.07456970214844,1
2024-10-18,233.91136169433594,1
2024-10-21,235.38450622558594,0
2024-10-22,234.76739501953125,0
2024-10-23,229.69100952148438,0
2024-10-24,229.50189208984375,1
2024-10-25,230.3380126953125,1
2024-10-28,232.3187713623047,1
2024-10-29,232.5875244140625,0
2024-10-30,229.03407287597656,0
2024-10-31,224.8634796142578,0
2024-11-01,221.87738037109375,0
2024-11-04,220.98155212402344,1
2024-11-05,222.41485595703125,0
2024-11-06,221.68826293945312,1
2024-11-07,226.4261932373047,0
2024-11-08,226.15716552734375,0
2024-11-11,223.4368133544922,0
2024-11-12,223.4368133544922,1
2024-11-13,224.3236541748047,1
2024-11-14,227.41270446777344,0
2024-11-15,224.2041015625,1
2024-11-18,227.2134246826172,1
2024-11-19,227.4724884033203,1
2024-11-20,228.18994140625,0
2024-11-21,227.71165466308594,1
2024-11-22,229.05686950683594,1
2024-11-25,232.04624938964844,1
2024-11-26,234.22850036621094,0
2024-11-27,234.0989532470703,1
2024-11-29,236.490478515625,1
2024-12-02,238.7424774169922,1
2024-12-03,241.79165649414062,1
2024-12-04,242.15037536621094,1
2024-12-05,242.18028259277344,0
2024-12-06,241.98098754882812,1
2024-12-09,245.8771514892578,1
2024-12-10,246.8935546875,0
2024-12-11,245.6180877685547,1
2024-12-12,247.0828857421875,1
2024-12-13,247.25228881835938,1
2024-12-16,250.15196228027344,1
2024-12-17,252.58334350585938,0
2024-12-18,247.1725616455078,1
2024-12-19,248.90638732910156,1
2024-12-20,253.5897674560547,1
2024-12-23,254.3670196533203,1
2024-12-24,257.2866516113281,1
2024-12-26,258.1037292480469,0
2024-12-27,254.6858673095703,0
2024-12-30,251.307861328125,0
2024-12-31,249.5341796875,0
